INSERT INTO app_user (id, phone, nickname, avatar_url, status) VALUES
    (1, '18688882026', '??', 'https://example.com/avatar/qiaoqiao.png', 1),
    (2, '18688882027', '??', 'https://example.com/avatar/linxia.png', 1),
    (3, '18688882028', '??', 'https://example.com/avatar/luning.png', 1),
    (4, '18688882029', '??', 'https://example.com/avatar/anke.png', 1);

INSERT INTO user_profile (id, user_id, school_name, grade_name, signature, avatar_text, avatar_class, like_count, follower_count, following_count) VALUES
    (1, 1, '??????', '??', '????????????????', 'Q', 'soft', 3580, 1240, 198),
    (2, 2, '????', '??', '?????????????????????', 'L', 'soft', 2290, 980, 156),
    (3, 3, '????', '??', '????????????????', 'L', 'alt', 3110, 760, 132),
    (4, 4, '????', '??', '???????????????????', 'A', 'soft', 1870, 540, 88);

INSERT INTO tag_option (id, category, option_value, sort_order, status) VALUES
    (1, 'scene', '??', 1, 1),
    (2, 'scene', '???', 2, 1),
    (3, 'scene', '????', 3, 1),
    (4, 'scene', '??', 4, 1),
    (5, 'scene', '??', 5, 1),
    (6, 'scene', '??', 6, 1),
    (7, 'style', '???', 1, 1),
    (8, 'style', '????', 2, 1),
    (9, 'style', '??', 3, 1),
    (10, 'style', '??', 4, 1),
    (11, 'style', '??', 5, 1),
    (12, 'style', '??', 6, 1),
    (13, 'budget', '50-100', 1, 1),
    (14, 'budget', '100-150', 2, 1),
    (15, 'budget', '150-200', 3, 1),
    (16, 'budget', '200+', 4, 1);

INSERT INTO merchant (id, merchant_name, contact_name, contact_phone, cooperation_status, remark) VALUES
    (1, '??????', '??', '13800000001', 1, '???????????'),
    (2, '??????', 'Jason', '13800000002', 1, '???????????'),
    (3, '?????', 'Helen', '13800000003', 1, '?????????????');

INSERT INTO post (id, post_code, user_id, title, subtitle, description, scene_tag, style_tag, budget_tag, cover_tag, cover_image_url, status, audit_status, like_count, comment_count, favorite_count, share_count, created_at) VALUES
    (1, 'look1', 1, '?????????????', '?????????????????', '????????????????????????????????????????????????', '???', '???', '100-150', '?????', 'https://example.com/post/look1-cover.png', 1, 1, 128, 36, 92, 14, DATE_SUB(NOW(), INTERVAL 6 DAY)),
    (2, 'look2', 2, '????????????????', '?????????????????', '???????????????????????????????????????????', '????', '????', '150-200', '????', 'https://example.com/post/look2-cover.png', 1, 1, 203, 48, 115, 21, DATE_SUB(NOW(), INTERVAL 5 DAY)),
    (3, 'look3', 3, '???????????????', '????????????????????', '??????????????????????????????????????????????', '??', '??', '150-200', '????', 'https://example.com/post/look3-cover.png', 1, 1, 176, 31, 142, 19, DATE_SUB(NOW(), INTERVAL 4 DAY)),
    (4, 'look4', 4, '??????????????', '?T???????????????', '???T????????????????????????????????????', '??', '??', '50-100', '????', 'https://example.com/post/look4-cover.png', 1, 1, 98, 19, 87, 10, DATE_SUB(NOW(), INTERVAL 3 DAY)),
    (5, 'look5', 1, '?????????????', '????????????????', '???????????????????????????????????????', '????', '??', '150-200', '????', 'https://example.com/post/look5-cover.png', 1, 1, 155, 27, 101, 16, DATE_SUB(NOW(), INTERVAL 2 DAY)),
    (6, 'look6', 2, '??????????????', '???????????????', '????????????????????????????????????????????', '??', '??', '100-150', '????', 'https://example.com/post/look6-cover.png', 1, 1, 132, 29, 108, 13, DATE_SUB(NOW(), INTERVAL 1 DAY));

INSERT INTO post_image (id, post_id, image_url, sort_order) VALUES
    (1, 1, 'https://example.com/post/look1-1.png', 1),
    (2, 1, 'https://example.com/post/look1-2.png', 2),
    (3, 2, 'https://example.com/post/look2-1.png', 1),
    (4, 3, 'https://example.com/post/look3-1.png', 1),
    (5, 4, 'https://example.com/post/look4-1.png', 1),
    (6, 5, 'https://example.com/post/look5-1.png', 1),
    (7, 6, 'https://example.com/post/look6-1.png', 1);

INSERT INTO post_tag (id, post_id, tag_type, tag_value) VALUES
    (1, 1, 'highlight', '????'),
    (2, 1, 'highlight', '????'),
    (3, 1, 'highlight', '?????'),
    (4, 2, 'highlight', '????'),
    (5, 2, 'highlight', '????'),
    (6, 2, 'highlight', '????'),
    (7, 3, 'highlight', '????'),
    (8, 3, 'highlight', '?????'),
    (9, 3, 'highlight', '????'),
    (10, 4, 'highlight', '????'),
    (11, 4, 'highlight', '????'),
    (12, 4, 'highlight', '????'),
    (13, 5, 'highlight', '????'),
    (14, 5, 'highlight', '????'),
    (15, 5, 'highlight', '????'),
    (16, 6, 'highlight', '???'),
    (17, 6, 'highlight', '????'),
    (18, 6, 'highlight', '????');

INSERT INTO product_link (id, post_id, product_name, platform_name, product_url, link_status, is_partner_product, commission_rate, price_amount, profit_label, guide_tip, last_checked_at) VALUES
    (1, 1, '?? + ???? + ???', '??????', 'https://campusfit.example.com/product/look1', 1, 1, 8.00, 139.00, '?????? 8%', '??????????????', NOW()),
    (2, 2, '?? + ??? + ???', '?????', 'https://campusfit.example.com/product/look2', 1, 1, 6.00, 179.00, '?????? 6%', '????????????????', NOW()),
    (3, 3, '?? + ??? + ?????', '?????', 'https://campusfit.example.com/product/look3', 1, 0, 6.50, 199.00, '??????', '????????????????????', NOW()),
    (4, 4, '?T + ??? + ???', '???????', 'https://campusfit.example.com/product/look4', 1, 1, 5.00, 89.00, '?????? 5%', '??????????????', NOW()),
    (5, 5, '?? + ???? + ??', '??????', 'https://campusfit.example.com/product/look5', 1, 0, 7.00, 189.00, '??????', '????????????????????', NOW()),
    (6, 6, '?? + ??? + ???', '?????', 'https://campusfit.example.com/product/look6', 1, 1, 6.00, 149.00, '?????? 6%', '????????????????', NOW());

INSERT INTO post_comment (id, post_id, user_id, content, like_count, status, created_at) VALUES
    (1, 1, 2, '???????????????', 16, 1, DATE_SUB(NOW(), INTERVAL 42 MINUTE)),
    (2, 1, 3, '??????????????', 12, 1, DATE_SUB(NOW(), INTERVAL 30 MINUTE)),
    (3, 1, 4, '?????????????????', 8, 1, DATE_SUB(NOW(), INTERVAL 18 MINUTE)),
    (4, 2, 1, '??????????????', 10, 1, DATE_SUB(NOW(), INTERVAL 1 HOUR));

INSERT INTO creator_cooperation (id, user_id, merchant_id, cooperation_title, cooperation_status, reward_amount, created_at) VALUES
    (1, 1, 1, '??????????', 0, 120.00, DATE_SUB(NOW(), INTERVAL 7 DAY)),
    (2, 1, 2, '?????????', 1, 88.00, DATE_SUB(NOW(), INTERVAL 5 DAY)),
    (3, 1, 3, '???????????', 1, 60.00, DATE_SUB(NOW(), INTERVAL 3 DAY));

INSERT INTO commission_record (id, post_id, user_id, income_type, commission_amount, settlement_status, created_at) VALUES
    (1, 1, 1, '????', 86.50, 1, DATE_SUB(NOW(), INTERVAL 6 DAY)),
    (2, 5, 1, '????', 92.00, 1, DATE_SUB(NOW(), INTERVAL 3 DAY)),
    (3, 1, 1, '????', 89.50, 0, DATE_SUB(NOW(), INTERVAL 1 DAY));

INSERT INTO message_notification (id, user_id, message_type, title, content, read_status, created_at) VALUES
    (1, 1, '??', '??????? 18 ???', '???????????????????????????', 0, DATE_SUB(NOW(), INTERVAL 1 MINUTE)),
    (2, 1, '??', '????????????', '????????? 24 ????????????', 0, DATE_SUB(NOW(), INTERVAL 5 MINUTE)),
    (3, 1, '??', '?????????', '?????????????????????????', 0, DATE_SUB(NOW(), INTERVAL 12 MINUTE)),
    (4, 1, '??', '?????????', '??? 100 ?????????????', 0, DATE_SUB(NOW(), INTERVAL 28 MINUTE)),
    (5, 1, '??', '??????????', '???????????? 86.50 ???????????????', 0, DATE_SUB(NOW(), INTERVAL 1 HOUR));

INSERT INTO user_follow (id, follower_user_id, followee_user_id, created_at) VALUES
    (1, 1, 2, DATE_SUB(NOW(), INTERVAL 12 DAY)),
    (2, 3, 1, DATE_SUB(NOW(), INTERVAL 10 DAY)),
    (3, 4, 1, DATE_SUB(NOW(), INTERVAL 8 DAY));

INSERT INTO post_like (id, post_id, user_id, created_at) VALUES
    (1, 1, 2, DATE_SUB(NOW(), INTERVAL 1 DAY)),
    (2, 1, 3, DATE_SUB(NOW(), INTERVAL 20 HOUR)),
    (3, 2, 1, DATE_SUB(NOW(), INTERVAL 18 HOUR));

INSERT INTO post_favorite (id, post_id, user_id, created_at) VALUES
    (1, 1, 2, DATE_SUB(NOW(), INTERVAL 10 HOUR)),
    (2, 1, 3, DATE_SUB(NOW(), INTERVAL 9 HOUR)),
    (3, 3, 1, DATE_SUB(NOW(), INTERVAL 7 HOUR));

INSERT INTO promotion_slot (id, slot_name, slot_position, merchant_id, start_time, end_time, status) VALUES
    (1, '????????', 'home_top_banner', 1, NOW(), DATE_ADD(NOW(), INTERVAL 15 DAY), 1),
    (2, '???????', 'search_hot', 2, NOW(), DATE_ADD(NOW(), INTERVAL 10 DAY), 1);

INSERT INTO campaign (id, campaign_name, campaign_type, merchant_id, start_time, end_time, status) VALUES
    (1, '????????', '????', 1, NOW(), DATE_ADD(NOW(), INTERVAL 20 DAY), 1),
    (2, '???????', '????', 3, NOW(), DATE_ADD(NOW(), INTERVAL 12 DAY), 1);

INSERT INTO report_record (id, reporter_user_id, target_type, target_id, reason, process_status, created_at) VALUES
    (1, 2, 'post', 4, '?????????', 1, DATE_SUB(NOW(), INTERVAL 2 DAY));

INSERT INTO sys_admin_user (id, username, password_hash, role_code, status) VALUES
    (1, 'admin', 'admin123', 'SUPER_ADMIN', 1),
    (2, 'operator', 'operator123', 'CONTENT_OPERATOR', 1),
    (3, 'finance', 'finance123', 'FINANCE', 1);

ALTER TABLE app_user AUTO_INCREMENT = 5;
ALTER TABLE user_profile AUTO_INCREMENT = 5;
ALTER TABLE tag_option AUTO_INCREMENT = 17;
ALTER TABLE merchant AUTO_INCREMENT = 4;
ALTER TABLE post AUTO_INCREMENT = 7;
ALTER TABLE post_image AUTO_INCREMENT = 8;
ALTER TABLE post_tag AUTO_INCREMENT = 19;
ALTER TABLE product_link AUTO_INCREMENT = 7;
ALTER TABLE post_comment AUTO_INCREMENT = 5;
ALTER TABLE creator_cooperation AUTO_INCREMENT = 4;
ALTER TABLE commission_record AUTO_INCREMENT = 4;
ALTER TABLE message_notification AUTO_INCREMENT = 6;
ALTER TABLE user_follow AUTO_INCREMENT = 4;
ALTER TABLE post_like AUTO_INCREMENT = 4;
ALTER TABLE post_favorite AUTO_INCREMENT = 4;
ALTER TABLE promotion_slot AUTO_INCREMENT = 3;
ALTER TABLE campaign AUTO_INCREMENT = 3;
ALTER TABLE report_record AUTO_INCREMENT = 2;
ALTER TABLE sys_admin_user AUTO_INCREMENT = 4;
